,Unnamed: 0,Genotype,sequence,subtype,schema
0,0.0,A_H5N8,A/Greylag_goose/England/032698/2020,H5N8,EU_UK
1,1.0,A1,A1_ref,H5N1,US
2,2.0,A2,A2_ref,H5N1,US
3,3.0,A3,A3_ref,H5N1,US
4,4.0,A4,A4_ref,H5N1,US
5,5.0,A5,A5_ref,H5N1,US
6,6.0,A6,A6_ref,H5N5,US
7,7.0,AA_AIV55,A/chicken/England/069816/2021,H5N1,EU_UK
8,8.0,AB_AIV09,A/chicken/Scotland/054477/2021,H5N1,EU_UK
9,9.0,AF_G08,A/chicken/Italy/IZSLT-122448_21VIR9218-1/2021 ,H5N1,EU_UK
10,10.0,AH_AIV08,A/chicken/Wales/053969/2021,H5N1,EU_UK
11,11.0,AL_AIV07-B2b,A/turkey/England/057679/2021,H5N1,EU_UK
12,12.0,AM_AIV20,A/turkey/England/016515/2022,H5N1,EU_UK
13,13.0,B1.1,B1.1_ref,H5N1,US
14,14.0,B1.2,B1.2_ref,H5N1,US
15,15.0,B1.3,B1.3_ref,H5N1,US
16,16.0,B2.1,B2.1_ref,H5N1,US
17,17.0,B2.2,B2.2_ref,H5N1,US
18,18.0,B3.1,B3.1_ref,H5N1,US
19,19.0,B3.10,B3.10_ref,H5N1,US
20,20.0,B3.11,B3.11_ref,H5N1,US
21,21.0,B3.12,B3.12_ref,H5N1,US
22,22.0,B3.13,B3.13_ref,H5N1,US
23,23.0,B3.2,B3.2_ref,H5N1,US
24,24.0,B3.3,B3.3_ref,H5N1,US
25,25.0,B3.4,B3.4_ref,H5N1,US
26,26.0,B3.5,B3.5_ref,H5N1,US
27,27.0,B3.6,B3.6_ref,H5N1,US
28,28.0,B3.7,B3.7_ref,H5N1,US
29,29.0,B3.8,B3.8_ref,H5N1,US
30,30.0,B3.9,B3.9_ref,H5N1,US
31,31.0,B4.1,B4.1_ref,H5N1,US
32,32.0,B5.1,B5.1_ref,H5N1,US
33,33.0,BB_AIV48,A/chicken/England/085598/2022,H5N1,EU_UK
34,34.0,BB_WB135c,A/Herring_Gull/England/324803/2022,H5N1,EU_UK
35,35.0,C_AIV07-B1a,A/chicken/England/053052/2021,H5N1,EU_UK
36,36.0,C_AIV07-B2a,A/Greylag_goose/England/054503/2021,H5N1,EU_UK
37,37.0,C1.1,C1.1_ref,H5N1,US
38,38.0,C2.1,C2.1_ref,H5N1,US
39,39.0,CA,A/Mallard/Netherlands/18/2022,H5N1,EU
40,40.0,CB,A/Mallard/Netherlands/19/2022,H5N1,EU
41,41.0,CC_AIV223,A/Humboldt_penguin/England/161651/2022,H5N1,EU_UK
42,42.0,CD,A/swan/Italy/22VIR10875-2/2022,H5N1,EU
43,43.0,CF,A/mallard/Italy/22VIR9762-1/2022,H5N1,EU
44,44.0,CG,A/flamingo/Italy/22VIR11494-1/2022,H5N1,EU
45,45.0,CH,A/Eurasian_Wigeon/Netherlands/3/2022,H5N1,EU
46,46.0,CI,A/Great_Cormorant/Netherlands/1/2022,H5N1,EU
47,47.0,CJ,A/Eurasian_Wigeon/Netherlands/6/2022,H5N1,EU
48,48.0,CM,A/Corvus_monedula/Belgium/11918_0006/2022,H5N1,EU
49,49.0,CP_AIV204,A/chicken/England/152082/2022,H5N1,EU_UK
50,50.0,CQ_AIV73,A/chicken/England/118935/2022,H5N1,EU_UK
51,51.0,CR_WB153,A/pheasant/England/251536/2022,H5N1,EU_UK
52,52.0,CT,A/Black-headed_gull/Netherlands/4/2023,H5N1,EU
53,53.0,D_H5N5.1,A/brent_goose/England/095684/2020,H5N5,EU_UK
54,54.0,DB_WB372,A/Greylag_goose/England/132468/2023,H5N1,EU_UK
55,55.0,DD_WB359,A/Pheasant/England/113701/2023,H5N1,EU_UK
56,56.0,DE_AIV50,A/Chicken/Scotland/114160/2023,H5N1,EU_UK
57,57.0,DG_WB381,A/Canada_Goose/England/142157/2023,H5N1,EU_UK
58,58.0,DL_AIV01,A/Chicken/England/005435/2024,H5N1,EU_UK
59,59.0,E_H5N5.2,A/mute_swan/Wales/048068/2020,H5N5,EU_UK
60,60.0,G_H5N3HPAIV,A/peregrine_falcon/Northern_Ireland/AI102021-2/2021,H5N3,EU_UK
61,61.0,G01,A/Eurasian Wigeon/Netherlands/1/2020,H5N1,Asia
62,62.0,G02,A/eurasian curlew/Netherlands/20016890-001/2020,H5N1,Asia
63,63.0,G03,A/turkey/Tyumen/15-14V/2021 ,H5N1,Asia
64,64.0,G04,A/chicken/Saratov/29-07V/2021,H5N1,Asia
65,65.0,G05,A/seagull/Slovenia/2075_22VIR777-7/2021,H5N1,Asia
66,66.0,G06,A/chicken/Tyumen/47-79V/2021,H5N1,Asia
67,67.0,G07,A/mandarin duck/Korea/WA585/2021,H5N1,Asia
68,68.0,G09,A/duck/Hubei/S4465/2021(H5N1),H5N1,Asia
69,69.0,G1,A/wild duck/Hebei/SD012/2021(H5N1),H5N1,Asia
70,70.0,G10,A/Cygnus columbianus/Hubei/117/2021,H5N1,Asia
71,71.0,G11,A/common buzzard/Netherlands/21038793-001/2021,H5N1,Asia
72,72.0,G12,A/chicken/Italy/21VIR10352/2021 ,H5N1,Asia
73,73.0,G13,A/great egret/Czech_Republic/23609/2021,H5N1,Asia
74,74.0,G14,A/duck/Bangladesh/19D1818/2021,H5N1,Asia
75,75.0,G15,A/goose/France/21P014207/2021,H5N1,Asia
76,76.0,G16,A/peregrine_falcon/Ireland/000191_22VIR1325-15/2022,H5N1,Asia
77,77.0,G17,A/chicken/Tyumen/47-66V/2021,H5N1,Asia
78,78.0,G18,A/avian/Burkina_Faso/21VIR11911-3/2021,H5N1,Asia
79,79.0,G19,A/swan/Romania/10455_22VIR2749-4/2022,H5N1,Asia
80,80.0,G20,A/chicken/Czech Republic/3306-2/2022,H5N1,Asia
81,81.0,G21,A/Buteo_buteo/Belgium/2606_0006/2022,H5N1,Asia
82,82.0,G22,A/bald eagle/Florida/W22-195/2022,H5N1,Asia
83,83.0,G23,A/bald eagle/Georgia/W22-194A/2022,H5N1,Asia
84,84.0,G24,A/bald eagle/Florida/W22-189/2022,H5N1,Asia
85,85.0,G25,A/American pelican/Kansas/W22-200/2022,H5N1,Asia
86,86.0,G26,A/waterfowl/Nebraska/22-007805-002-original/2022,H5N1,Asia
87,87.0,G27,A/turkey/South Dakota/22-008242-001-original/2022,H5N1,Asia
88,88.0,G28,A/Great black-backed Gull/Netherlands/3/2022,H5N1,Asia
89,89.0,G29,A/turkey/South Dakota/22-008239-001-original/2022,H5N1,Asia
90,90.0,G30,A/turkey/South Dakota/22-008485-001-original/2022,H5N1,Asia
91,91.0,G31,A/mallard/New York/22-008760-007-original/2022,H5N1,Asia
92,92.0,G32,A/chicken/Montana/22-010445-001-original/2022,H5N1,Asia
93,93.0,G33,A/gull/France/22P015977/2022,H5N1,Asia
94,94.0,G34,A/mallard/22P019377/France/2022 ,H5N1,Asia
95,95.0,G35,A/duck/France/22P020165/2022,H5N1,Asia
96,96.0,Genotype_I,A/Wild_bird/Korea/K22-742/2022,H5N1,Asia
97,97.0,Genotype_II,A/Spot-billed_duck/Korea/K22-920/2022,H5N1,Asia
98,98.0,I,A/Herring_Gull/England/123277/2023,H5N5,EU_UK
99,99.0,Minor01,Minor01_ref,H5N1,US
100,100.0,Minor04,Minor04_ref,H5N1,US
101,101.0,Minor07,Minor07_ref,H5N1,US
102,102.0,Minor08,Minor08_ref,H5N1,US
103,103.0,Minor09,Minor09_ref,H5N1,US
104,104.0,Minor10,Minor10_ref,H5N1,US
105,105.0,Minor11,Minor11_ref,H5N1,US
106,106.0,Minor12,Minor12_ref,H5N1,US
107,107.0,Minor13,Minor13_ref,H5N1,US
108,108.0,Minor14,Minor14_ref,H5N1,US
109,109.0,Minor15,Minor15_ref,H5N1,US
110,110.0,Minor16,Minor16_ref,H5N4,US
111,111.0,Minor17,Minor17_ref,H5N1,US
112,112.0,Minor18,Minor18_ref,H5N1,US
113,113.0,Minor19,Minor19_ref,H5N1,US
114,114.0,Minor24,Minor24_ref,H5N1,US
115,115.0,Minor25,Minor25_ref,H5N1,US
116,116.0,Minor26,Minor26_ref,H5N1,US
117,117.0,Minor27,Minor27_ref,H5N1,US
118,118.0,Minor28,Minor28_ref,H5N1,US
119,119.0,Minor29,Minor29_ref,H5N1,US
120,120.0,Minor30,Minor30_ref,H5N1,US
121,121.0,Minor31,Minor31_ref,H5N1,US
122,122.0,Minor32,Minor32_ref,H5N1,US
123,123.0,Minor33,Minor33_ref,H5N1,US
124,124.0,Minor34,Minor34_ref,H5N1,US
125,125.0,Minor35,Minor35_ref,H5N1,US
126,126.0,Minor36,Minor36_ref,H5N5,US
127,127.0,Minor37,Minor37_ref,H5N1,US
128,128.0,Minor38,Minor38_ref,H5N1,US
129,129.0,Minor39,Minor39_ref,H5N1,US
130,130.0,Minor40,Minor40_ref,H5N1,US
131,131.0,Minor41,Minor41_ref,H5N1,US
132,132.0,Minor42,Minor42_ref,H5N1,US
133,133.0,Minor43,Minor43_ref,H5N1,US
134,134.0,Minor44,Minor44_ref,H5N1,US
135,135.0,Minor45,Minor45_ref,H5N1,US
136,136.0,Minor46,Minor46_ref,H5N1,US
137,137.0,Minor47,Minor47_ref,H5N1,US
138,138.0,Minor48,Minor48_ref,H5N1,US
139,139.0,Minor50,Minor50_ref,H5N1,US
140,140.0,Minor51,Minor51_ref,H5N1,US
141,141.0,Minor52,Minor52_ref,H5N1,US
142,142.0,Minor53,Minor53_ref,H5N1,US
143,143.0,Minor55,Minor55_ref,H5N1,US
144,144.0,Minor56,Minor56_ref,H5N6,US
145,145.0,Minor57,Minor57_ref,H5N1,US
146,146.0,Minor58,Minor58_ref,H5N1,US
147,147.0,Minor60,Minor60_ref,H5N1,US
148,148.0,Minor61,Minor61_ref,H5N1,US
149,149.0,Minor62,Minor62_ref,H5N1,US
150,150.0,Minor63,Minor63_ref,H5N1,US
151,151.0,Minor65,Minor65_ref,H5N1,US
152,152.0,Minor66,Minor66_ref,H5N1,US
153,153.0,Minor67,Minor67_ref,H5N1,US
154,154.0,Minor70,Minor70_ref,H5N1,US
155,155.0,Minor71,Minor71_ref,H5N1,US
156,156.0,Minor73,Minor73_ref,H5N1,US
157,157.0,Minor74,Minor74_ref,H5N1,US
158,158.0,Minor75,Minor75_ref,H5N1,US
159,159.0,Minor76,Minor76_ref,H5N1,US
160,160.0,Minor77,Minor77_ref,H5N1,US
161,161.0,Minor78,Minor78_ref,H5N1,US
162,162.0,Minor79,Minor79_ref,H5N1,US
163,163.0,Minor80,Minor80_ref,H5N1,US
164,164.0,Minor81,Minor81_ref,H5N1,US
165,165.0,Minor82,Minor82_ref,H5N1,US
166,166.0,Minor83,Minor83_ref,H5N1,US
167,167.0,Minor84,Minor84_ref,H5N1,US
168,168.0,Minor85,Minor85_ref,H5N1,US
169,169.0,Minor86,Minor86_ref,H5N1,US
170,170.0,Minor87,Minor87_ref,H5N1,US
171,171.0,Minor89,Minor89_ref,H5N1,US
172,172.0,Minor90,Minor90_ref,H5N1,US
173,0.0,WB418_DI,EPI_ISL_19521531,H5N1,UK
174,1.0,2.3.2.1c,A/duck/Vietnam/NCVD-1584/2012,H5N1,CVV
